Workbook

Sheet Student Marks
A1: Student Performance Analytics Dataset (For Power BI)
A3: Student ID | B3: Student Name | C3: Gender | D3: Grade Level | E3: Math Score | F3: Science Score | G3: English Score | H3: History Score | I3: Total Score | J3: Average Score | K3: Attendance Rate | L3: Study Hours / Week
A4: STU1001 | B4: Aarav Sharma | C4: Male | D4: Grade 10 | E4: 85 | F4: 90 | G4: 78 | H4: 82 | I4: =SUM(E4:H4) | J4: =AVERAGE(E4:H4) | K4: 0.95 | L4: 14
A5: STU1002 | B5: Ananya Patel | C5: Female | D5: Grade 10 | E5: 92 | F5: 95 | G5: 88 | H5: 91 | I5: =SUM(E5:H5) | J5: =AVERAGE(E5:H5) | K5: 0.98 | L5: 18
A6: STU1003 | B6: Rohan Verma | C6: Male | D6: Grade 11 | E6: 65 | F6: 70 | G6: 60 | H6: 68 | I6: =SUM(E6:H6) | J6: =AVERAGE(E6:H6) | K6: 0.82 | L6: 9
A7: STU1004 | B7: Priya Singh | C7: Female | D7: Grade 11 | E7: 78 | F7: 81 | G7: 85 | H7: 80 | I7: =SUM(E7:H7) | J7: =AVERAGE(E7:H7) | K7: 0.9 | L7: 12
A8: STU1005 | B8: Vikram Reddy | C8: Male | D8: Grade 12 | E8: 88 | F8: 84 | G8: 79 | H8: 85 | I8: =SUM(E8:H8) | J8: =AVERAGE(E8:H8) | K8: 0.92 | L8: 15
A9: STU1006 | B9: Diya Nair | C9: Female | D9: Grade 12 | E9: 95 | F9: 98 | G9: 92 | H9: 94 | I9: =SUM(E9:H9) | J9: =AVERAGE(E9:H9) | K9: 0.99 | L9: 20
A10: STU1007 | B10: Kabir Mehta | C10: Male | D10: Grade 10 | E10: 55 | F10: 58 | G10: 62 | H10: 50 | I10: =SUM(E10:H10) | J10: =AVERAGE(E10:H10) | K10: 0.75 | L10: 6
A11: STU1008 | B11: Sanya Gupta | C11: Female | D11: Grade 10 | E11: 72 | F11: 75 | G11: 80 | H11: 74 | I11: =SUM(E11:H11) | J11: =AVERAGE(E11:H11) | K11: 0.88 | L11: 11
A12: STU1009 | B12: Aditya Joshi | C12: Male | D12: Grade 11 | E12: 81 | F12: 85 | G12: 76 | H12: 79 | I12: =SUM(E12:H12) | J12: =AVERAGE(E12:H12) | K12: 0.91 | L12: 13
A13: STU1010 | B13: Isha Rao | C13: Female | D13: Grade 11 | E13: 90 | F13: 92 | G13: 94 | H13: 89 | I13: =SUM(E13:H13) | J13: =AVERAGE(E13:H13) | K13: 0.96 | L13: 17
A14: STU1011 | B14: Arjun Kapoor | C14: Male | D14: Grade 12 | E14: 62 | F14: 60 | G14: 65 | H14: 58 | I14: =SUM(E14:H14) | J14: =AVERAGE(E14:H14) | K14: 0.8 | L14: 8
A15: STU1012 | B15: Riya Sen | C15: Female | D15: Grade 12 | E15: 86 | F15: 88 | G15: 90 | H15: 84 | I15: =SUM(E15:H15) | J15: =AVERAGE(E15:H15) | K15: 0.93 | L15: 16
... A63: STU1060 | B63: Priyanka Ahuja | C63: Female | D63: Grade 12 | E63: 76 | F63: 79 | G63: 82 | H63: 78 | I63: =SUM(E63:H63) | J63: =AVERAGE(E63:H63) | K63: 0.87 | L63: 11
A64: Average / Summary | E64: =AVERAGE(E4:E63) | F64: =AVERAGE(F4:F63) | G64: =AVERAGE(G4:G63) | H64: =AVERAGE(H4:H63) | I64: =AVERAGE(I4:I63) | J64: =AVERAGE(J4:J63) | L64: =AVERAGE(L4:L63)

Sheet Summary Dashboard
A1: Executive Summary & High-Level Metrics
A3: Metric Name | B3: Value | C3: Notes
A4: Total Students | B4: =COUNTA('Student Marks'!A4:A63) | C4: Total enrolled students in dataset
A5: Overall Math Average | B5: =AVERAGE('Student Marks'!E4:E63) | C5: Out of 100
A6: Overall Science Average | B6: =AVERAGE('Student Marks'!F4:F63) | C6: Out of 100
A7: Overall English Average | B7: =AVERAGE('Student Marks'!G4:G63) | C7: Out of 100
A8: Overall History Average | B8: =AVERAGE('Student Marks'!H4:H63) | C8: Out of 100
A9: Overall Overall Average | B9: =AVERAGE('Student Marks'!J4:J63) | C9: Average score across all subjects
A10: Average Attendance | B10: =AVERAGE('Student Marks'!K4:K63) | C10: Percentage of classes attended
A11: Average Study Hours | B11: =AVERAGE('Student Marks'!L4:L63) | C11: Hours per week spent studying
